<?xml version="1.0"?>
<!DOCTYPE node PUBLIC "-//freedesktop//DTD D-BUS Object Introspection 1.0//EN" "http://www.freedesktop.org/standards/dbus/1.0/introspect.dtd">
<node>
  <interface name="org.bluez.Adapter1">
    <method name="StartDiscovery"/>
    <method name="StopDiscovery"/>
    <method name="RemoveDevice">
      <arg name="device" type="o" direction="in"/>
    </method>
    <method name="SetDiscoveryFilter">
      <arg name="filter" type="a{sv}" direction="in"/>
    </method>
    <method name="GetDiscoveryFilters">
      <arg name="filters" type="as" direction="out"/>
    </method>
    <method name="ConnectDevice">
      <arg name="properties" type="a{sv}" direction="in"/>
    </method>
    <property name="Address" type="s" access="read"/>
    <property name="AddressType" type="s" access="read"/>
    <property name="Name" type="s" access="read"/>
    <property name="Alias" type="s" access="readwrite"/>
    <property name="Class" type="u" access="read"/>
    <property name="Powered" type="b" access="readwrite"/>
    <property name="Discoverable" type="b" access="readwrite"/>
    <property name="Pairable" type="b" access="readwrite"/>
    <property name="PairableTimeout" type="u" access="readwrite"/>
    <property name="DiscoverableTimeout" type="u" access="readwrite"/>
    <property name="Discovering" type="b" access="read"/>
    <property name="UUIDs" type="as" access="read"/>
    <property name="Modalias" type="s" access="read"/>
  </interface>
</node>
