<?xml version="1.0"?>
<!DOCTYPE node PUBLIC "-//freedesktop//DTD D-BUS Object Introspection 1.0//EN" "http://www.freedesktop.org/standards/dbus/1.0/introspect.dtd">
<node>
  <interface name="org.bluez.GattManager1">
    <method name="RegisterApplication">
      <arg name="application" type="o" direction="in"/>
      <arg name="options" type="a{sv}" direction="in"/>
    </method>
    <method name="UnregisterApplication">
      <arg name="application" type="o" direction="in"/>
    </method>
  </interface>
</node>
