<?xml version="1.0"?>
<!DOCTYPE node PUBLIC "-//freedesktop//DTD D-BUS Object Introspection 1.0//EN" "http://www.freedesktop.org/standards/dbus/1.0/introspect.dtd">
<node>
  <interface name="org.bluez.Device1">
    <method name="Disconnect"/>
    <method name="Connect"/>
    <method name="ConnectProfile">
      <arg name="UUID" type="s" direction="in"/>
    </method>
    <method name="DisconnectProfile">
      <arg name="UUID" type="s" direction="in"/>
    </method>
    <method name="Pair"/>
    <method name="CancelPairing"/>
    <property name="Address" type="s" access="read"/>
    <property name="AddressType" type="s" access="read"/>
    <property name="Name" type="s" access="read"/>
    <property name="Alias" type="s" access="readwrite"/>
    <property name="Class" type="u" access="read"/>
    <property name="Appearance" type="q" access="read"/>
    <property name="Icon" type="s" access="read"/>
    <property name="Paired" type="b" access="read"/>
    <property name="Trusted" type="b" access="readwrite"/>
    <property name="Blocked" type="b" access="readwrite"/>
    <property name="LegacyPairing" type="b" access="read"/>
    <property name="RSSI" type="n" access="read"/>
    <property name="Connected" type="b" access="read"/>
    <property name="UUIDs" type="as" access="read"/>
    <property name="Modalias" type="s" access="read"/>
    <property name="Adapter" type="o" access="read"/>
    <property name="ManufacturerData" type="a{qv}" access="read"/>
    <property name="ServiceData" type="a{sv}" access="read"/>
    <property name="TxPower" type="n" access="read"/>
    <property name="ServicesResolved" type="b" access="read"/>
  </interface>
</node>
