<?xml version="1.0"?>
<!DOCTYPE node PUBLIC "-//freedesktop//DTD D-BUS Object Introspection 1.0//EN" "http://www.freedesktop.org/standards/dbus/1.0/introspect.dtd">
<node>
  <interface name="org.bluez.GattDescriptor1">
    <method name="ReadValue">
      <arg name="options" type="a{sv}" direction="in"/>
      <arg name="value" type="ay" direction="out"/>
    </method>
    <method name="WriteValue">
      <arg name="value" type="ay" direction="in"/>
      <arg name="options" type="a{sv}" direction="in"/>
    </method>
    <property name="UUID" type="s" access="read"/>
    <property name="Characteristic" type="o" access="read"/>
    <property name="Value" type="ay" access="read"/>
    <property name="Flags" type="as" access="read"/>
    <property name="Handle" type="q" access="readwrite">
      <annotation name="org.bluez.Optional" value="true"/>
      <annotation name="org.bluez.ServerOnly" value="true"/>
    </property>
  </interface>
</node>
