<?xml version="1.0"?>
<!DOCTYPE node PUBLIC "-//freedesktop//DTD D-BUS Object Introspection 1.0//EN" "http://www.freedesktop.org/standards/dbus/1.0/introspect.dtd">
<node>
  <interface name="org.bluez.GattCharacteristic1">
    <method name="ReadValue">
      <arg name="options" type="a{sv}" direction="in"/>
      <arg name="value" type="ay" direction="out">
        <annotation name="org.gtk.GDBus.C.ForceGVariant" value="true"/>
      </arg>
    </method>
    <method name="WriteValue">
      <arg name="value" type="ay" direction="in">
        <annotation name="org.gtk.GDBus.C.ForceGVariant" value="true"/>
      </arg>
      <arg name="options" type="a{sv}" direction="in"/>
    </method>
    <method name="AcquireWrite">
      <arg name="options" type="a{sv}" direction="in"/>
      <arg name="fd" type="h" direction="out"/>
      <arg name="mtu" type="q" direction="out"/>
    </method>
    <method name="AcquireNotify">
      <arg name="options" type="a{sv}" direction="in"/>
      <arg name="fd" type="h" direction="out"/>
      <arg name="mtu" type="q" direction="out"/>
    </method>
    <method name="StartNotify"/>
    <method name="StopNotify"/>
    <method name="Confirm">
      <annotation name="org.bluez.Optional" value="true"/>
    </method>
    <property name="UUID" type="s" access="read"/>
    <property name="Service" type="o" access="read"/>
    <property name="Value" type="ay" access="read">
        <annotation name="org.gtk.GDBus.C.ForceGVariant" value="true"/>
    </property>
    <property name="WriteAcquired" type="b" access="read"/>
    <property name="NotifyAcquired" type="b" access="read"/>
    <property name="Notifying" type="b" access="read"/>
    <property name="Flags" type="as" access="read"/>
    <property name="Handle" type="q" access="readwrite">
      <annotation name="org.bluez.Optional" value="true"/>
      <annotation name="org.bluez.ServerOnly" value="true"/>
    </property>
  </interface>
</node>
